Customer ID,Customer Name,Segment,customer_sk
DP-13000,Darren Powers,Consumer,1
PO-19195,Phillina Ober,Home Office,2
MB-18085,Mick Brown,Consumer,3
ME-17320,Maria Etezadi,Home Office,4
JO-15145,Jack O'Briant,Corporate,5
LS-17230,Lycoris Saunders,Consumer,6
VS-21820,Vivek Sundaresam,Consumer,7
MS-17830,Melanie Seite,Consumer,8
AJ-10780,Anthony Jacobs,Corporate,9
SV-20365,Seth Vernon,Consumer,10
CS-12250,Chris Selesnick,Corporate,11
BD-11605,Brian Dahlen,Consumer,12
MM-17920,Michael Moore,Consumer,13
ND-18370,Natalie DeCherney,Consumer,14
BS-11590,Brendan Sweed,Corporate,15
EH-13990,Erica Hackney,Consumer,16
DL-13315,Delfina Latchford,Consumer,17
DW-13195,David Wiener,Corporate,18
TS-21340,Toby Swindell,Consumer,19
XP-21865,Xylona Preis,Consumer,20
MV-17485,Mark Van Huff,Consumer,21
MM-18280,Muhammed MacIntyre,Corporate,22
HL-15040,Hunter Lopez,Consumer,23
TB-21400,Tom Boeckenhauer,Consumer,24
SG-20605,Speros Goranitis,Consumer,25
IM-15055,Ionia McGrath,Consumer,26
SD-20485,Shirley Daniels,Home Office,27
CA-11965,Carol Adams,Corporate,28
EJ-13720,Ed Jacobs,Consumer,29
JC-15340,Jasper Cacioppo,Consumer,30
MV-18190,Mike Vittorini,Consumer,31
LC-17050,Liz Carlisle,Consumer,32
BD-11500,Bradley Drucker,Consumer,33
EB-13930,Eric Barreto,Consumer,34
CD-12790,Cynthia Delaney,Home Office,35
DB-13270,Deborah Brumfield,Home Office,36
MH-17440,Mark Haberlin,Corporate,37
ND-18460,Neil Ducich,Corporate,38
CK-12760,Cyma Kinney,Corporate,39
NM-18445,Nathan Mautz,Home Office,40
GA-14725,Guy Armstrong,Consumer,41
NF-18385,Natalie Fritzler,Consumer,42
SC-20095,Sanjit Chand,Consumer,43
ML-17395,Marina Lichtenstein,Corporate,44
ST-20530,Shui Tom,Consumer,45
BF-11020,Barry Französisch,Corporate,46
MN-17935,Michael Nguyen,Consumer,47
AB-10015,Aaron Bergman,Consumer,48
TB-21595,Troy Blackwell,Consumer,49
LC-16930,Linda Cazamias,Corporate,50
SR-20740,Steven Roelle,Home Office,51
TM-21010,Tamara Manning,Consumer,52
SA-20830,Sue Ann Reed,Consumer,53
MG-17875,Michael Grace,Home Office,54
JH-15430,Jennifer Halladay,Consumer,55
JS-16030,Joy Smith,Consumer,56
VF-21715,Vicky Freymann,Home Office,57
DB-13060,Dave Brooks,Consumer,58
SC-20380,Shahid Collister,Consumer,59
HR-14770,Hallie Redmond,Home Office,60
GW-14605,Giulietta Weimer,Consumer,61
KN-16705,Kristina Nunn,Home Office,62
NH-18610,Nicole Hansen,Corporate,63
AJ-10945,Ashley Jarboe,Consumer,64
JS-15595,Jill Stevenson,Corporate,65
SC-20020,Sam Craven,Consumer,66
EJ-14155,Eva Jacobs,Consumer,67
AP-10720,Anne Pryor,Home Office,68
CL-12565,Clay Ludtke,Consumer,69
AB-10150,Aimee Bixby,Consumer,70
CM-12715,Craig Molinari,Corporate,71
NP-18685,Nora Pelletier,Home Office,72
KT-16480,Kean Thornton,Consumer,73
SW-20275,Scott Williamson,Consumer,74
RB-19435,Richard Bierner,Consumer,75
FM-14215,Filia McAdams,Corporate,76
CK-12205,Chloris Kastensmidt,Consumer,77
KA-16525,Kelly Andreada,Consumer,78
CK-12325,Christine Kargatis,Home Office,79
DK-13225,Dean Katz,Corporate,80
NF-18475,Neil Franz÷sisch,Home Office,81
JF-15295,Jason Fortune-,Consumer,82
RB-19465,Rick Bensley,Home Office,83
AS-10240,Alan Shonely,Consumer,84
QJ-19255,Quincy Jones,Corporate,85
CP-12340,Christine Phan,Corporate,86
BN-11515,Bradley Nguyen,Consumer,87
AZ-10750,Annie Zypern,Consumer,88
SM-20320,Sean Miller,Home Office,89
SC-20050,Sample Company A,Home Office,90
EK-13795,Eileen Kiefer,Home Office,91
MC-17605,Matt Connell,Corporate,92
KH-16690,Kristen Hastings,Corporate,93
GM-14440,Gary McGarr,Consumer,94
CB-12025,Cassandra Brandow,Consumer,95
TS-21205,Thomas Seio,Corporate,96
BF-11275,Beth Fritzler,Corporate,97
CC-12685,Craig Carroll,Consumer,98
VM-21835,Vivian Mathis,Consumer,99
BG-11740,Bruce Geld,Consumer,100
PO-18865,Patrick O'Donnell,Consumer,101
MS-17710,Maurice Satty,Consumer,102
CD-11920,Carlos Daly,Consumer,103
CA-12265,Christina Anderson,Consumer,104
CS-12505,Cindy Stewart,Consumer,105
JD-15895,Jonathan Doherty,Corporate,106
DK-12835,Damala Kotsonis,Corporate,107
CV-12295,Christina VanderZanden,Consumer,108
DR-12940,Daniel Raglin,Home Office,109
MP-18175,Mike Pelletier,Home Office,110
MG-18145,Mike Gockenbach,Consumer,111
MP-17470,Mark Packer,Home Office,112
NC-18340,Nat Carroll,Consumer,113
Dl-13600,Dorris liebe,Corporate,114
SG-20890,Susan Gilcrest,Corporate,115
KM-16720,Kunst Miller,Consumer,116
TG-21640,Trudy Glocke,Consumer,117
KB-16240,Karen Bern,Corporate,118
DD-13570,Dorothy Dickinson,Consumer,119
JO-15280,Jas O'Carroll,Consumer,120
AA-10315,Alex Avila,Consumer,121
KH-16330,Katharine Harms,Corporate,122
AH-10690,Anna Häberlin,Corporate,123
RD-19585,Rob Dowd,Consumer,124
KE-16420,Katrina Edelman,Corporate,125
KB-16585,Ken Black,Corporate,126
MZ-17515,Mary Zewe,Corporate,127
PK-18910,Paul Knutson,Home Office,128
JG-15805,John Grady,Corporate,129
RP-19855,Roy Phan,Corporate,130
GM-14695,Greg Maxwell,Corporate,131
RD-19900,Ruben Dartt,Consumer,132
TH-21550,Tracy Hopkins,Home Office,133
FH-14275,Frank Hawley,Corporate,134
SC-20260,Scott Cohen,Corporate,135
GP-14740,Guy Phonely,Corporate,136
AY-10555,Andy Yotov,Corporate,137
PJ-19015,Pauline Johnson,Consumer,138
VM-21685,Valerie Mitchum,Home Office,139
RS-19765,Roland Schwarz,Corporate,140
JM-15655,Jim Mitchum,Corporate,141
JS-15880,John Stevenson,Consumer,142
PC-19000,Pauline Chand,Home Office,143
RA-19885,Ruben Ausman,Corporate,144
JK-15370,Jay Kimmel,Consumer,145
MM-18055,Michelle Moray,Consumer,146
GM-14455,Gary Mitchum,Home Office,147
SE-20110,Sanjit Engle,Consumer,148
KN-16450,Kean Nguyen,Corporate,149
EH-13765,Edward Hooks,Corporate,150
SV-20785,Stewart Visinsky,Consumer,151
BF-11170,Ben Ferrer,Home Office,152
PS-18970,Paul Stevenson,Home Office,153
SP-20650,Stephanie Phelps,Corporate,154
JL-15835,John Lee,Consumer,155
NF-18595,Nicole Fjeld,Home Office,156
AG-10390,Allen Goldenen,Consumer,157
BP-11230,Benjamin Patterson,Consumer,158
DB-13555,Dorothy Badders,Corporate,159
AA-10375,Allen Armold,Consumer,160
AH-10030,Aaron Hawkins,Corporate,161
TS-21160,Theresa Swint,Corporate,162
LB-16795,Laurel Beltran,Home Office,163
DA-13450,Dianna Arnett,Home Office,164
BT-11305,Beth Thompson,Home Office,165
LC-16885,Lena Creighton,Consumer,166
MH-17290,Marc Harrigan,Home Office,167
AG-10300,Aleksandra Gannaway,Corporate,168
GB-14530,George Bell,Corporate,169
DS-13180,David Smith,Corporate,170
MY-18295,Muhammed Yedwab,Corporate,171
AI-10855,Arianne Irving,Consumer,172
LA-16780,Laura Armstrong,Corporate,173
KH-16360,Katherine Hughes,Consumer,174
LL-16840,Lauren Leatherbury,Consumer,175
HG-14845,Harry Greene,Consumer,176
JM-16195,Justin MacKendrick,Consumer,177
AR-10510,Andrew Roberts,Consumer,178
CS-11860,Cari Schnelling,Consumer,179
JS-15940,Joni Sundaresam,Home Office,180
NC-18415,Nathan Cano,Consumer,181
AA-10480,Andrew Allen,Consumer,182
BS-11365,Bill Shonely,Corporate,183
PM-18940,Paul MacIntyre,Consumer,184
GD-14590,Giulietta Dortch,Corporate,185
EB-13870,Emily Burns,Consumer,186
PF-19120,Peter Fuller,Consumer,187
SN-20710,Steve Nguyen,Home Office,188
HP-14815,Harold Pawlan,Home Office,189
CT-11995,Carol Triggs,Consumer,190
SB-20290,Sean Braxton,Corporate,191
PG-18820,Patrick Gardner,Consumer,192
GM-14680,Greg Matthias,Consumer,193
AF-10885,Art Foster,Consumer,194
VW-21775,Victoria Wilson,Corporate,195
RM-19375,Raymond Messe,Consumer,196
BG-11695,Brooke Gillingham,Corporate,197
HD-14785,Harold Dahlen,Home Office,198
PG-18895,Paul Gonzalez,Consumer,199
EH-14005,Erica Hernandez,Home Office,200
AG-10270,Alejandro Grove,Consumer,201
NP-18325,Naresj Patel,Consumer,202
AJ-10795,Anthony Johnson,Corporate,203
CC-12475,Cindy Chapman,Consumer,204
PW-19030,Pauline Webber,Corporate,205
PA-19060,Pete Armstrong,Home Office,206
GA-14515,George Ashbrook,Consumer,207
TT-21070,Ted Trevino,Consumer,208
BS-11755,Bruce Stewart,Consumer,209
TD-20995,Tamara Dahlen,Consumer,210
JH-15820,John Huston,Consumer,211
RF-19345,Randy Ferguson,Corporate,212
MC-17590,Matt Collister,Corporate,213
BT-11530,Bradley Talbott,Home Office,214
MW-18235,Mitch Willingham,Corporate,215
FG-14260,Frank Gastineau,Home Office,216
EH-14185,Evan Henry,Consumer,217
GT-14710,Greg Tran,Consumer,218
RP-19390,Resi Pölking,Consumer,219
JL-15235,Janet Lee,Consumer,220
BW-11065,Barry Weirich,Consumer,221
HF-14995,Herbert Flentye,Consumer,222
Dp-13240,Dean percer,Home Office,223
MH-17785,Maya Herman,Corporate,224
LE-16810,Laurel Elliston,Consumer,225
PJ-18835,Patrick Jones,Corporate,226
MM-17260,Magdelene Morse,Consumer,227
LW-16825,Laurel Workman,Corporate,228
EB-13840,Ellis Ballard,Corporate,229
MC-17425,Mark Cousins,Corporate,230
SS-20410,Shahid Shariari,Consumer,231
JG-15160,James Galang,Consumer,232
JK-15625,Jim Karlsson,Consumer,233
DW-13480,Dianna Wilson,Home Office,234
CR-12625,Corey Roper,Home Office,235
LT-17110,Liz Thompson,Consumer,236
RE-19450,Richard Eichhorn,Consumer,237
SC-20725,Steven Cartwright,Consumer,238
RB-19795,Ross Baird,Home Office,239
BT-11440,Bobby Trafton,Consumer,240
SB-20170,Sarah Bern,Consumer,241
GT-14635,Grant Thornton,Corporate,242
VT-21700,Valerie Takahito,Home Office,243
BM-11785,Bryan Mills,Consumer,244
NR-18550,Nick Radford,Consumer,245
BP-11095,Bart Pistole,Corporate,246
RD-19480,Rick Duston,Consumer,247
CS-11950,Carlos Soltero,Consumer,248
BH-11710,Brosina Hoffman,Consumer,249
CW-11905,Carl Weiss,Home Office,250
CM-12445,Chuck Magee,Consumer,251
FO-14305,Frank Olsen,Consumer,252
HK-14890,Heather Kirkland,Corporate,253
SR-20425,Sharelle Roach,Home Office,254
PS-18760,Pamela Stobb,Consumer,255
KL-16555,Kelly Lampkin,Corporate,256
SC-20575,Sonia Cooley,Consumer,257
JF-15415,Jennifer Ferguson,Consumer,258
GH-14425,Gary Hwang,Consumer,259
DB-13660,Duane Benoit,Consumer,260
MC-18100,Mick Crebagga,Consumer,261
Co-12640,Corey-Lock,Consumer,262
NW-18400,Natalie Webber,Consumer,263
TB-21280,Toby Braunhardt,Consumer,264
DV-13465,Dianna Vittorini,Consumer,265
AA-10645,Anna Andreadi,Consumer,266
JE-15745,Joel Eaton,Consumer,267
BS-11665,Brian Stugart,Consumer,268
DL-13330,Denise Leinenbach,Consumer,269
LP-17080,Liz Pelletier,Consumer,270
GK-14620,Grace Kelly,Corporate,271
NS-18640,Noel Staavos,Corporate,272
LM-17065,Liz MacKendrick,Consumer,273
RW-19630,Rob Williams,Corporate,274
CA-12775,Cynthia Arntzen,Consumer,275
DL-12865,Dan Lawera,Consumer,276
AR-10825,Anthony Rawles,Corporate,277
MS-17980,Michael Stewart,Corporate,278
BD-11620,Brian DeCherney,Consumer,279
RA-19915,Russell Applegate,Consumer,280
HA-14905,Helen Abelman,Consumer,281
EH-13945,Eric Hoffmann,Consumer,282
MS-17770,Maxwell Schwartz,Consumer,283
DM-13525,Don Miller,Corporate,284
MC-17845,Michael Chen,Consumer,285
DC-12850,Dan Campbell,Consumer,286
DP-13390,Dennis Pardue,Home Office,287
EP-13915,Emily Phan,Consumer,288
BC-11125,Becky Castell,Home Office,289
MH-18025,Michelle Huthwaite,Consumer,290
EB-13705,Ed Braxton,Corporate,291
GH-14410,Gary Hansen,Home Office,292
BM-11650,Brian Moss,Corporate,293
DS-13030,Darrin Sayre,Home Office,294
MH-17455,Mark Hamilton,Consumer,295
JK-15205,Jamie Kunitz,Consumer,296
ME-17725,Max Engle,Consumer,297
AC-10420,Alyssa Crouse,Corporate,298
PV-18985,Paul Van Hugh,Home Office,299
SS-20515,Shirley Schmidt,Home Office,300
PB-19150,Philip Brown,Consumer,301
AW-10930,Arthur Wiediger,Home Office,302
BF-10975,Barbara Fisher,Corporate,303
AH-10120,Adrian Hane,Home Office,304
JL-15130,Jack Lebron,Consumer,305
CA-12310,Christine Abelman,Corporate,306
EM-14140,Eugene Moren,Home Office,307
SW-20245,Scot Wooten,Consumer,308
KM-16375,Katherine Murray,Home Office,309
CC-12145,Charles Crestani,Consumer,310
RD-19720,Roger Demir,Consumer,311
HM-14860,Harry Marie,Corporate,312
ME-18010,Michelle Ellison,Corporate,313
EM-14065,Erin Mull,Consumer,314
AB-10255,Alejandro Ballentine,Home Office,315
JL-15850,John Lucas,Consumer,316
NC-18535,Nick Crebassa,Corporate,317
AG-10900,Arthur Gainer,Consumer,318
KL-16645,Ken Lonsdale,Consumer,319
SG-20470,Sheri Gordon,Consumer,320
LF-17185,Luke Foster,Consumer,321
CL-11890,Carl Ludwig,Consumer,322
AS-10045,Aaron Smayling,Corporate,323
BB-10990,Barry Blumstein,Corporate,324
TS-21430,Tom Stivers,Corporate,325
IL-15100,Ivan Liston,Consumer,326
AS-10630,Ann Steele,Home Office,327
NZ-18565,Nick Zandusky,Home Office,328
BK-11260,Berenike Kampe,Consumer,329
VD-21670,Valerie Dominguez,Consumer,330
SS-20590,Sonia Sunley,Consumer,331
RS-19420,Ricardo Sperren,Corporate,332
GZ-14470,Gary Zandusky,Consumer,333
CS-12130,Chad Sievert,Consumer,334
RF-19735,Roland Fjeld,Consumer,335
TB-21625,Trudy Brown,Consumer,336
MA-17560,Matt Abelman,Home Office,337
LR-16915,Lena Radford,Consumer,338
VG-21790,Vivek Gonzalez,Consumer,339
MB-17305,Maria Bertelson,Consumer,340
AG-10525,Andy Gerbode,Corporate,341
MG-17650,Matthew Grinstein,Home Office,342
GM-14500,Gene McClure,Consumer,343
JH-15985,Joseph Holt,Consumer,344
ED-13885,Emily Ducich,Home Office,345
BW-11200,Ben Wallace,Consumer,346
DH-13675,Duane Huffman,Home Office,347
CS-12175,Charles Sheldon,Corporate,348
CS-12355,Christine Sundaresam,Consumer,349
KH-16510,Keith Herrera,Consumer,350
TS-21610,Troy Staebel,Consumer,351
DJ-13510,Don Jones,Corporate,352
LH-16900,Lena Hernandez,Consumer,353
CR-12730,Craig Reiter,Consumer,354
DE-13255,Deanra Eno,Home Office,355
JP-15520,Jeremy Pistek,Consumer,356
AP-10915,Arthur Prichep,Consumer,357
RH-19495,Rick Hansen,Consumer,358
RB-19645,Robert Barroso,Corporate,359
JP-15460,Jennifer Patt,Corporate,360
DW-13585,Dorothy Wardle,Corporate,361
MW-18220,Mitch Webber,Consumer,362
JM-15265,Janet Molinari,Corporate,363
JE-15715,Joe Elijah,Consumer,364
RC-19960,Ryan Crowe,Consumer,365
PP-18955,Paul Prost,Home Office,366
KB-16315,Karl Braun,Consumer,367
FM-14290,Frank Merwin,Home Office,368
ZD-21925,Zuschuss Donatelli,Consumer,369
CC-12610,Corey Catlett,Corporate,370
RA-19945,Ryan Akin,Consumer,371
HH-15010,Hilary Holden,Corporate,372
AT-10735,Annie Thurman,Consumer,373
SJ-20500,Shirley Jackson,Consumer,374
LT-16765,Larry Tron,Consumer,375
KD-16345,Katherine Ducich,Consumer,376
MR-17545,Mathew Reese,Home Office,377
PR-18880,Patrick Ryan,Consumer,378
NP-18700,Nora Preis,Consumer,379
VP-21760,Victoria Pisteka,Corporate,380
SZ-20035,Sam Zeldin,Home Office,381
DK-13375,Dennis Kane,Consumer,382
LR-17035,Lisa Ryan,Corporate,383
BM-11140,Becky Martin,Consumer,384
MC-17275,Marc Crier,Consumer,385
LH-17020,Lisa Hazard,Consumer,386
KT-16465,Kean Takahito,Consumer,387
KC-16255,Karen Carlisle,Corporate,388
SP-20620,Stefania Perrino,Corporate,389
LC-17140,Logan Currie,Consumer,390
MS-17365,Maribeth Schnelling,Consumer,391
CC-12220,Chris Cortes,Consumer,392
RR-19525,Rick Reed,Corporate,393
DL-12925,Daniel Lacy,Consumer,394
SF-20065,Sandra Flanagan,Consumer,395
LW-17125,Liz Willingham,Consumer,396
BN-11470,Brad Norvell,Corporate,397
TA-21385,Tom Ashbrook,Home Office,398
LW-17215,Luke Weiss,Consumer,399
PT-19090,Pete Takahito,Consumer,400
ON-18715,Odella Nelson,Corporate,401
JM-15535,Jessica Myrick,Consumer,402
EA-14035,Erin Ashbrook,Corporate,403
JB-15400,Jennifer Braxton,Corporate,404
DM-13015,Darrin Martin,Consumer,405
JC-15775,John Castell,Consumer,406
AJ-10960,Astrea Jones,Consumer,407
MF-18250,Monica Federle,Corporate,408
JA-15970,Joseph Airdo,Consumer,409
AG-10765,Anthony Garverick,Home Office,410
MC-18130,Mike Caudle,Corporate,411
JK-15640,Jim Kriz,Home Office,412
FA-14230,Frank Atkinson,Corporate,413
SB-20185,Sarah Brown,Consumer,414
DN-13690,Duane Noonan,Consumer,415
HG-14965,Henry Goldwyn,Corporate,416
PF-19165,Philip Fox,Consumer,417
ES-14020,Erica Smith,Consumer,418
MA-17995,Michelle Arnett,Home Office,419
JG-15115,Jack Garza,Consumer,420
SL-20155,Sara Luxemburg,Home Office,421
LH-16750,Larry Hughes,Consumer,422
VG-21805,Vivek Grady,Corporate,423
AS-10090,Adam Shillingsburg,Consumer,424
TT-21220,Thomas Thornton,Consumer,425
JP-16135,Julie Prescott,Home Office,426
TH-21115,Thea Hudgings,Corporate,427
JD-16060,Julia Dunbar,Consumer,428
BF-11005,Barry Franz,Home Office,429
MT-18070,Michelle Tran,Home Office,430
KF-16285,Karen Ferguson,Home Office,431
NB-18580,Nicole Brennan,Corporate,432
CS-12400,Christopher Schild,Home Office,433
TH-21100,Thea Hendricks,Consumer,434
KD-16495,Keith Dawkins,Corporate,435
GZ-14545,George Zrebassa,Corporate,436
LD-17005,Lisa DeCherney,Consumer,437
SM-20950,Suzanne McNair,Corporate,438
EB-14170,Evan Bailliet,Consumer,439
DB-13615,Doug Bickford,Consumer,440
KW-16570,Kelly Williams,Consumer,441
DM-12955,Dario Medina,Corporate,442
ES-14080,Erin Smith,Corporate,443
DO-13435,Denny Ordway,Consumer,444
BP-11290,Beth Paige,Consumer,445
RD-19930,Russell D'Ascenzo,Consumer,446
AR-10405,Allen Rosenblatt,Corporate,447
JD-16015,Joy Daniels,Consumer,448
DF-13135,David Flashing,Consumer,449
BD-11635,Brian Derr,Consumer,450
AM-10360,Alice McCarthy,Corporate,451
FC-14335,Fred Chung,Corporate,452
TN-21040,Tanja Norvell,Home Office,453
JF-15565,Jill Fjeld,Consumer,454
HA-14920,Helen Andreada,Consumer,455
BP-11050,Barry Pond,Corporate,456
ZC-21910,Zuschuss Carroll,Consumer,457
SP-20545,Sibella Parks,Corporate,458
TC-21295,Toby Carlisle,Consumer,459
JE-15610,Jim Epp,Corporate,460
HG-15025,Hunter Glantz,Consumer,461
AC-10660,Anna Chung,Consumer,462
LS-17245,Lynn Smith,Consumer,463
TB-21520,Tracy Blumstein,Consumer,464
IG-15085,Ivan Gibson,Consumer,465
LS-17200,Luke Schmidt,Corporate,466
AS-10225,Alan Schoenberger,Corporate,467
EH-14125,Eugene Hildebrand,Home Office,468
JF-15490,Jeremy Farry,Consumer,469
RP-19270,Rachel Payne,Corporate,470
LS-16975,Lindsay Shagiari,Home Office,471
FH-14365,Fred Hopkins,Corporate,472
SF-20965,Sylvia Foulston,Corporate,473
MG-17680,Maureen Gastineau,Home Office,474
DB-12910,Daniel Byrd,Home Office,475
AH-10585,Angele Hood,Consumer,476
RD-19810,Ross DeVincentis,Home Office,477
TS-21370,Todd Sumrall,Corporate,478
BT-11395,Bill Tyler,Corporate,479
NC-18625,Noah Childs,Corporate,480
GG-14650,Greg Guthrie,Corporate,481
AM-10705,Anne McFarland,Consumer,482
AC-10450,Amy Cox,Consumer,483
NL-18310,Nancy Lomonaco,Home Office,484
KH-16630,Ken Heidel,Corporate,485
PL-18925,Paul Lucas,Home Office,486
DG-13300,Deirdre Greer,Corporate,487
PO-18850,Patrick O'Brill,Consumer,488
SW-20755,Steven Ward,Corporate,489
SH-20395,Shahid Hopkins,Consumer,490
JK-16120,Julie Kriz,Home Office,491
DM-13345,Denise Monton,Corporate,492
TC-21535,Tracy Collins,Home Office,493
WB-21850,William Brown,Consumer,494
TH-21235,Tiffany House,Corporate,495
MS-17530,MaryBeth Skach,Consumer,496
BG-11035,Barry Gonzalez,Consumer,497
MD-17350,Maribeth Dona,Consumer,498
TC-20980,Tamara Chand,Corporate,499
BF-11215,Benjamin Farhat,Home Office,500
TZ-21580,Tracy Zic,Consumer,501
KD-16270,Karen Daniels,Consumer,502
PK-19075,Pete Kriz,Consumer,503
DB-12970,Darren Budd,Corporate,504
RF-19840,Roy Franz÷sisch,Consumer,505
JL-15505,Jeremy Lonsdale,Consumer,506
CM-11815,Candace McMahon,Corporate,507
RM-19675,Robert Marley,Home Office,508
ML-17410,Maris LaWare,Consumer,509
PB-19105,Peter B³hler,Consumer,510
JF-15190,Jamie Frazer,Consumer,511
AB-10165,Alan Barnes,Consumer,512
RH-19510,Rick Huthwaite,Home Office,513
JD-16150,Justin Deggeller,Corporate,514
AH-10075,Adam Hart,Corporate,515
RB-19330,Randy Bradley,Consumer,516
YC-21895,Yoseph Carroll,Corporate,517
JK-15730,Joe Kamberova,Consumer,518
MK-17905,Michael Kennedy,Corporate,519
PW-19240,Pierre Wener,Consumer,520
AB-10600,Ann Blume,Corporate,521
JC-16105,Julie Creighton,Corporate,522
GR-14560,Georgia Rosenberg,Corporate,523
JM-15865,John Murray,Consumer,524
AD-10180,Alan Dominguez,Home Office,525
DB-13360,Dennis Bolton,Home Office,526
DH-13075,Dave Hallsten,Corporate,527
SC-20680,Steve Carroll,Home Office,528
JK-15325,Jason Klamczynski,Corporate,529
SP-20920,Susan Pistek,Consumer,530
TC-21475,Tony Chapman,Home Office,531
PB-19210,Phillip Breyer,Corporate,532
SS-20140,Saphhira Shifley,Corporate,533
SM-20005,Sally Matthias,Consumer,534
HR-14830,Harold Ryan,Corporate,535
DK-12985,Darren Koutras,Consumer,536
NG-18430,Nathan Gelder,Consumer,537
NG-18355,Nat Gilpin,Corporate,538
AT-10435,Alyssa Tate,Home Office,539
AR-10540,Andy Reiter,Consumer,540
BT-11680,Brian Thompson,Consumer,541
MO-17500,Mary O'Rourke,Consumer,542
MC-17635,Matthew Clasen,Corporate,543
BF-11080,Bart Folk,Consumer,544
AH-10210,Alan Hwang,Consumer,545
BS-11380,Bill Stewart,Corporate,546
TR-21325,Toby Ritter,Consumer,547
DP-13165,David Philippe,Consumer,548
EM-13825,Elizabeth Moffitt,Corporate,549
MC-17575,Matt Collins,Consumer,550
MD-17860,Michael Dominguez,Corporate,551
KN-16390,Katherine Nockton,Corporate,552
CP-12085,Cathy Prescott,Corporate,553
RL-19615,Rob Lucas,Consumer,554
JB-15925,Joni Blumstein,Consumer,555
DK-13150,David Kendrick,Corporate,556
NB-18655,Nona Balk,Corporate,557
RC-19825,Roy Collins,Consumer,558
FP-14320,Frank Preis,Consumer,559
TB-21250,Tim Brockman,Consumer,560
DJ-13420,Denny Joy,Corporate,561
TB-21175,Thomas Boland,Corporate,562
SH-19975,Sally Hughsby,Corporate,563
CY-12745,Craig Yedwab,Corporate,564
LH-17155,Logan Haushalter,Consumer,565
RA-19285,Ralph Arnett,Consumer,566
KC-16675,Kimberly Carter,Corporate,567
SS-20875,Sung Shariari,Consumer,568
CS-11845,Cari Sayre,Corporate,569
SP-20860,Sung Pak,Corporate,570
SC-20305,Sean Christensen,Consumer,571
SC-20695,Steve Chapman,Corporate,572
CC-12100,Chad Cunningham,Home Office,573
SH-20635,Stefanie Holloman,Corporate,574
EC-14050,Erin Creighton,Consumer,575
MK-18160,Mike Kennedy,Consumer,576
IM-15070,Irene Maddox,Consumer,577
TS-21505,Tony Sayre,Consumer,578
AB-10105,Adrian Barton,Consumer,579
PS-19045,Penelope Sewall,Home Office,580
KM-16660,Khloe Miller,Consumer,581
TW-21025,Tamara Willingham,Home Office,582
SF-20200,Sarah Foster,Consumer,583
CC-12670,Craig Carreira,Consumer,584
CK-12595,Clytie Kelty,Consumer,585
MG-17695,Maureen Gnade,Consumer,586
TB-21190,Thomas Brumley,Home Office,587
RE-19405,Ricardo Emerson,Consumer,588
MG-17890,Michael Granlund,Home Office,589
DC-13285,Debra Catini,Consumer,590
MF-17665,Maureen Fritzler,Corporate,591
AR-10345,Alex Russell,Corporate,592
KB-16600,Ken Brennan,Corporate,593
PC-18745,Pamela Coakley,Corporate,594
JL-15175,James Lanier,Home Office,595
CB-12535,Claudia Bergmann,Corporate,596
AH-10465,Amy Hunt,Consumer,597
AG-10495,Andrew Gjertsen,Corporate,598
CS-12490,Cindy Schnelling,Corporate,599
YS-21880,Yana Sorensen,Corporate,600
KS-16300,Karen Seio,Corporate,601
CR-12820,Cyra Reiten,Home Office,602
RW-19540,Rick Wilson,Corporate,603
TS-21655,Trudy Schmidt,Consumer,604
LO-17170,Lori Olson,Corporate,605
SJ-20215,Sarah Jordon,Consumer,606
GT-14755,Guy Thornton,Consumer,607
LC-16960,Lindsay Castell,Home Office,608
NP-18670,Nora Paige,Consumer,609
TP-21565,Tracy Poddar,Corporate,610
DK-13090,Dave Kipp,Consumer,611
AH-10195,Alan Haines,Corporate,612
JJ-15445,Jennifer Jackson,Consumer,613
DK-12895,Dana Kaydos,Consumer,614
TG-21310,Toby Gnade,Consumer,615
EB-13750,Edward Becker,Corporate,616
CM-12385,Christopher Martinez,Consumer,617
JE-15475,Jeremy Ellison,Consumer,618
JO-15550,Jesus Ocampo,Home Office,619
CM-12655,Corinna Mitchell,Home Office,620
BW-11110,Bart Watters,Corporate,621
JW-16075,Julia West,Consumer,622
DB-13210,Dean Braden,Consumer,623
FW-14395,Fred Wasserman,Corporate,624
BP-11185,Ben Peterman,Corporate,625
BV-11245,Benjamin Venier,Corporate,626
CM-12115,Chad McGuire,Consumer,627
JD-15790,John Dryer,Consumer,628
MO-17950,Michael Oakman,Consumer,629
RD-19660,Robert Dilbeck,Home Office,630
EB-14110,Eugene Barchas,Consumer,631
HJ-14875,Heather Jas,Home Office,632
AW-10840,Anthony Witt,Consumer,633
TP-21130,Theone Pippenger,Consumer,634
MP-17965,Michael Paige,Corporate,635
OT-18730,Olvera Toch,Consumer,636
JK-16090,Juliana Krohn,Consumer,637
LS-16945,Linda Southworth,Corporate,638
JW-15220,Jane Waco,Corporate,639
DB-13120,David Bremer,Corporate,640
LC-16870,Lena Cacioppo,Consumer,641
JB-16045,Julia Barnett,Home Office,642
SV-20815,Stuart Van,Corporate,643
AG-10675,Anna Gayman,Consumer,644
RO-19780,Rose O'Brian,Consumer,645
JH-16180,Justin Hirsh,Consumer,646
NK-18490,Neil Knudson,Home Office,647
EN-13780,Edward Nazzal,Consumer,648
BD-11560,Brendan Dodson,Home Office,649
BD-11320,Bill Donatelli,Consumer,650
ML-18265,Muhammed Lee,Consumer,651
CG-12040,Catherine Glotzbach,Home Office,652
BP-11155,Becky Pak,Consumer,653
BB-11545,Brenda Bowman,Corporate,654
EM-13810,Eleni McCrary,Corporate,655
MJ-17740,Max Jones,Consumer,656
GB-14575,Giulietta Baptist,Consumer,657
JH-15910,Jonathan Howell,Consumer,658
FC-14245,Frank Carlisle,Home Office,659
SN-20560,Skye Norling,Home Office,660
SC-20770,Stewart Carmichael,Corporate,661
SW-20455,Shaun Weien,Consumer,662
CH-12070,Cathy Hwang,Home Office,663
RH-19600,Rob Haberlin,Consumer,664
BD-11725,Bruce Degenhardt,Consumer,665
VP-21730,Victor Preis,Home Office,666
KM-16225,Kalyca Meade,Corporate,667
FM-14380,Fred McMath,Consumer,668
VB-21745,Victoria Brennan,Corporate,669
TS-21085,Thais Sissman,Consumer,670
RK-19300,Ralph Kennedy,Consumer,671
BE-11455,Brad Eason,Home Office,672
EM-14095,Eudokia Martin,Corporate,673
PN-18775,Parhena Norris,Home Office,674
DB-13405,Denny Blanton,Consumer,675
PO-19180,Philisse Overcash,Home Office,676
TT-21265,Tim Taslimi,Corporate,677
JW-15955,Joni Wasserman,Consumer,678
SC-20440,Shaun Chance,Corporate,679
RB-19705,Roger Barcio,Home Office,680
DP-13105,Dave Poirier,Corporate,681
FH-14350,Fred Harton,Consumer,682
KW-16435,Katrina Willman,Consumer,683
CA-12055,Cathy Armstrong,Home Office,684
CC-12430,Chuck Clark,Home Office,685
NM-18520,Neoma Murray,Consumer,686
BO-11425,Bobby Odegard,Consumer,687
KD-16615,Ken Dana,Corporate,688
BM-11575,Brendan Murry,Corporate,689
AC-10615,Ann Chong,Corporate,690
MO-17800,Meg O'Connel,Home Office,691
JR-16210,Justin Ritter,Corporate,692
CM-12190,Charlotte Melton,Consumer,693
AB-10060,Adam Bellavance,Home Office,694
SJ-20125,Sanjit Jacobs,Home Office,695
CM-11935,Carlos Meador,Consumer,696
DR-12880,Dan Reichenbach,Corporate,697
BS-11800,Bryan Spruell,Home Office,698
HW-14935,Helen Wasserman,Corporate,699
EM-13960,Eric Murdock,Consumer,700
HM-14980,Henry MacAllister,Consumer,701
JJ-15760,Joel Jenkins,Home Office,702
GH-14485,Gene Hale,Corporate,703
SO-20335,Sean O'Donnell,Consumer,704
CG-12520,Claire Gute,Consumer,705
JF-15355,Jay Fein,Consumer,706
MY-17380,Maribeth Yedwab,Corporate,707
SG-20080,Sandra Glassco,Consumer,708
KC-16540,Kelly Collister,Consumer,709
EG-13900,Emily Grady,Consumer,710
CB-12415,Christy Brittain,Consumer,711
MT-17815,Meg Tillman,Consumer,712
DO-13645,Doug O'Connell,Consumer,713
MZ-17335,Maria Zettner,Home Office,714
GH-14665,Greg Hansen,Consumer,715
KB-16405,Katrina Bavinger,Home Office,716
PB-18805,Patrick Bzostek,Home Office,717
TP-21415,Tom Prescott,Consumer,718
RH-19555,Ritsa Hightower,Consumer,719
MH-17620,Matt Hagelstein,Corporate,720
SU-20665,Stephanie Ulpright,Home Office,721
AF-10870,Art Ferguson,Consumer,722
TT-21460,Tonja Turnell,Home Office,723
SC-20800,Stuart Calhoun,Consumer,724
DJ-13630,Doug Jacobs,Consumer,725
PM-19135,Peter McVee,Home Office,726
EM-14200,Evan Minnotte,Home Office,727
ER-13855,Elpida Rittenbach,Corporate,728
JR-15670,Jim Radford,Consumer,729
DL-13495,Dionis Lloyd,Corporate,730
BT-11485,Brad Thomas,Home Office,731
BO-11350,Bill Overfelt,Corporate,732
EB-13975,Erica Bern,Corporate,733
JB-16000,Joy Bell-,Consumer,734
BE-11335,Bill Eplett,Home Office,735
TB-21355,Todd Boyes,Corporate,736
HE-14800,Harold Engle,Corporate,737
BE-11410,Bobby Elias,Consumer,738
DW-13540,Don Weiss,Consumer,739
JG-15310,Jason Gross,Corporate,740
CJ-12010,Caroline Jumper,Consumer,741
BD-11770,Bryan Davis,Consumer,742
HZ-14950,Henia Zydlo,Consumer,743
SV-20935,Susan Vittorini,Consumer,744
JM-15250,Janet Martin,Consumer,745
RB-19360,Raymond Buch,Consumer,746
SW-20350,Sean Wendt,Home Office,747
JM-15580,Jill Matthias,Consumer,748
CR-12580,Clay Rozendal,Home Office,749
EL-13735,Ed Ludwig,Home Office,750
CL-12700,Craig Leslie,Home Office,751
RB-19570,Rob Beeghly,Consumer,752
CM-12235,Chris McAfee,Consumer,753
SM-20905,Susan MacKendrick,Consumer,754
LW-16990,Lindsay Williams,Corporate,755
CV-12805,Cynthia Voltz,Corporate,756
AS-10285,Alejandro Savely,Corporate,757
CC-12370,Christopher Conant,Consumer,758
RW-19690,Robert Waldorf,Consumer,759
SC-20230,Scot Coram,Corporate,760
LP-17095,Liz Preis,Consumer,761
RS-19870,Roy Skaria,Home Office,762
DV-13045,Darrin Van Huff,Corporate,763
JS-15685,Jim Sink,Corporate,764
TB-21055,Ted Butterfield,Consumer,765
LD-16855,Lela Donovan,Corporate,766
PF-19225,Phillip Flathmann,Consumer,767
AR-10570,Anemone Ratner,Consumer,768
LB-16735,Larry Blacks,Consumer,769
AG-10330,Alex Grayson,Consumer,770
ML-17755,Max Ludwig,Home Office,771
AO-10810,Anthony O'Donnell,Corporate,772
MH-18115,Mick Hernandez,Home Office,773
CM-12160,Charles McCrossin,Consumer,774
SC-20845,Sung Chung,Consumer,775
AS-10135,Adrian Shami,Home Office,776
RR-19315,Ralph Ritter,Consumer,777
NS-18505,Neola Schneider,Consumer,778
CD-11980,Carol Darley,Consumer,779
SK-19990,Sally Knutson,Consumer,780
JE-16165,Justin Ellison,Corporate,781
CJ-11875,Carl Jackson,Corporate,782
RM-19750,Roland Murray,Consumer,783
ML-18040,Michelle Lonsdale,Corporate,784
TM-21490,Tony Molinari,Consumer,785
MG-18205,Mitch Gastineau,Corporate,786
CS-12460,Chuck Sachs,Consumer,787
JC-15385,Jenna Caffey,Consumer,788
TC-21145,Theresa Coyne,Corporate,789
PH-18790,Patricia Hirasaki,Home Office,790
JR-15700,Jocasta Rupert,Consumer,791
CD-12280,Christina DeMoss,Consumer,792
CC-12550,Clay Cheatham,Consumer,793
