Country,State,City,Postal Code,Region,geography_sk
United States,Texas,Houston,77095,Central,1
United States,Illinois,Naperville,60540,Central,2
United States,Pennsylvania,Philadelphia,19143,East,3
United States,Kentucky,Henderson,42420,South,4
United States,Georgia,Athens,30605,South,5
United States,California,Los Angeles,90049,West,6
United States,Texas,Huntsville,77340,Central,7
United States,Texas,Laredo,78041,Central,8
United States,Virginia,Springfield,22153,South,9
United States,Delaware,Dover,19901,East,10
United States,Louisiana,Bossier City,71111,South,11
United States,California,San Francisco,94109,West,12
United States,Ohio,Newark,43055,East,13
United States,South Carolina,Mount Pleasant,29464,South,14
United States,Pennsylvania,Philadelphia,19140,East,15
United States,Georgia,Roswell,30076,South,16
United States,Pennsylvania,Philadelphia,19134,East,17
United States,Oregon,Springfield,97477,West,18
United States,Arizona,Scottsdale,85254,West,19
United States,Michigan,Westland,48185,Central,20
United States,Tennessee,Smyrna,37167,South,21
United States,Arkansas,Jonesboro,72401,South,22
United States,Florida,Miami,33180,South,23
United States,Indiana,Lafayette,47905,Central,24
United States,Nevada,Las Vegas,89115,West,25
United States,Virginia,Alexandria,22304,South,26
United States,South Dakota,Rapid City,57701,Central,27
United States,California,San Diego,92037,West,28
United States,New York,New York City,10024,East,29
United States,Michigan,Detroit,48234,Central,30
United States,California,Mission Viejo,92691,West,31
United States,Wisconsin,Green Bay,54302,Central,32
United States,Florida,Saint Petersburg,33710,South,33
United States,Washington,Seattle,98105,West,34
United States,California,San Diego,92024,West,35
United States,California,Escondido,92025,West,36
United States,Virginia,Chesapeake,23320,South,37
United States,Illinois,Romeoville,60441,Central,38
United States,New Jersey,Linden,7036,East,39
United States,Nevada,North Las Vegas,89031,West,40
United States,Missouri,Columbia,65203,Central,41
United States,California,Concord,94521,West,42
United States,Washington,Seattle,98103,West,43
United States,Texas,Dallas,75220,Central,44
United States,Illinois,Chicago,60653,Central,45
United States,Texas,Arlington,76017,Central,46
United States,Texas,Lubbock,79424,Central,47
United States,Indiana,Richmond,47374,Central,48
United States,Illinois,Woodstock,60098,Central,49
United States,California,Moreno Valley,92553,West,50
United States,Texas,El Paso,79907,Central,51
United States,Oregon,Medford,97504,West,52
United States,Ohio,Columbus,43229,East,53
United States,Illinois,Elmhurst,60126,Central,54
United States,Washington,Seattle,98115,West,55
United States,New York,New York City,10035,East,56
United States,Texas,Houston,77036,Central,57
United States,New York,New York City,10009,East,58
United States,Pennsylvania,Philadelphia,19120,East,59
United States,North Carolina,Wilmington,28403,South,60
United States,Florida,Margate,33063,South,61
United States,South Carolina,Columbia,29203,South,62
United States,New York,Yonkers,10701,East,63
United States,Washington,Des Moines,98198,West,64
United States,Colorado,Denver,80219,West,65
United States,Michigan,Royal Oak,48073,Central,66
United States,California,Roseville,95661,West,67
United States,Kentucky,Richmond,40475,South,68
United States,California,Huntington Beach,92646,West,69
United States,Florida,Jacksonville,32216,South,70
United States,Utah,Logan,84321,West,71
United States,Florida,Tampa,33614,South,72
United States,North Carolina,Raleigh,27604,South,73
United States,Mississippi,Jackson,39212,South,74
United States,Minnesota,Lakeville,55044,Central,75
United States,Texas,Dallas,75217,Central,76
United States,California,Burbank,91505,West,77
United States,California,San Francisco,94110,West,78
United States,Florida,Lakeland,33801,South,79
United States,Tennessee,Knoxville,37918,South,80
United States,Ohio,Hamilton,45011,East,81
United States,North Carolina,Asheville,28806,South,82
United States,Arizona,Tucson,85705,West,83
United States,North Carolina,Greensboro,27405,South,84
United States,Indiana,Portage,46368,Central,85
United States,Florida,Delray Beach,33445,South,86
United States,California,Los Angeles,90036,West,87
United States,California,Fresno,93727,West,88
United States,California,Pomona,91767,West,89
United States,California,San Francisco,94122,West,90
United States,Iowa,Des Moines,50315,Central,91
United States,New Mexico,Albuquerque,87105,West,92
United States,Ohio,Springfield,45503,East,93
United States,Texas,Plano,75023,Central,94
United States,Texas,Brownsville,78521,Central,95
United States,Minnesota,Apple Valley,55124,Central,96
United States,New York,Long Beach,11561,East,97
United States,Illinois,Chicago,60610,Central,98
United States,California,Vallejo,94591,West,99
United States,Massachusetts,Revere,2151,East,100
United States,Virginia,Virginia Beach,23464,South,101
United States,California,Los Angeles,90008,West,102
United States,Louisiana,Lafayette,70506,South,103
United States,Michigan,Detroit,48205,Central,104
United States,Illinois,Decatur,62521,Central,105
United States,Michigan,Dearborn Heights,48127,Central,106
United States,California,Los Angeles,90004,West,107
United States,Pennsylvania,Lancaster,17602,East,108
United States,Alabama,Mobile,36608,South,109
United States,Georgia,Marietta,30062,South,110
United States,Arizona,Glendale,85301,West,111
United States,Ohio,Toledo,43615,East,112
United States,Arizona,Chandler,85224,West,113
United States,Alabama,Decatur,35601,South,114
United States,Montana,Great Falls,59405,West,115
United States,Texas,Austin,78745,Central,116
United States,Idaho,Lewiston,83501,West,117
United States,California,Redondo Beach,90278,West,118
United States,California,Lodi,95240,West,119
United States,Indiana,Bloomington,47401,Central,120
United States,Maryland,Baltimore,21215,East,121
United States,California,San Jose,95123,West,122
United States,Virginia,Arlington,22204,South,123
United States,Texas,Houston,77070,Central,124
United States,California,Los Angeles,90045,West,125
United States,New York,Troy,12180,East,126
United States,California,San Gabriel,91776,West,127
United States,New York,Jamestown,14701,East,128
United States,Tennessee,Memphis,38109,South,129
United States,New York,Rochester,14609,East,130
United States,Louisiana,Lake Charles,70601,South,131
United States,Kentucky,Louisville,40214,South,132
United States,Wisconsin,Appleton,54915,Central,133
United States,Connecticut,Middletown,6457,East,134
United States,Michigan,Jackson,49201,Central,135
United States,Illinois,Freeport,61032,Central,136
United States,Texas,San Antonio,78207,Central,137
United States,Massachusetts,Lawrence,1841,East,138
United States,Washington,Kent,98031,West,139
United States,New York,Watertown,13601,East,140
United States,Texas,Fort Worth,76106,Central,141
United States,Massachusetts,Franklin,2038,East,142
United States,Wisconsin,Milwaukee,53209,Central,143
United States,Florida,Hialeah,33012,South,144
United States,Utah,West Jordan,84084,West,145
United States,California,Oakland,94601,West,146
United States,Wisconsin,Eau Claire,54703,Central,147
United States,Ohio,Akron,44312,East,148
United States,Ohio,Cleveland,44105,East,149
United States,Michigan,Midland,48640,Central,150
United States,New Hampshire,Dover,3820,East,151
United States,Texas,San Marcos,78666,Central,152
United States,Washington,Bellevue,98006,West,153
United States,Illinois,Chicago,60623,Central,154
United States,Utah,Murray,84107,West,155
United States,California,San Diego,92105,West,156
United States,Virginia,Richmond,23223,South,157
United States,Illinois,Buffalo Grove,60089,Central,158
United States,New Jersey,Lakewood,8701,East,159
United States,Arkansas,Little Rock,72209,South,160
United States,Utah,Orem,84057,West,161
United States,Illinois,Aurora,60505,Central,162
United States,Illinois,Peoria,61604,Central,163
United States,Tennessee,Bristol,37620,South,164
United States,California,Los Angeles,90032,West,165
United States,Virginia,Harrisonburg,22801,South,166
United States,New York,Hempstead,11550,East,167
United States,Indiana,Mishawaka,46544,Central,168
United States,Delaware,Newark,19711,East,169
United States,Oklahoma,Lawton,73505,Central,170
United States,Colorado,Pueblo,81001,West,171
United States,Connecticut,Meriden,6450,East,172
United States,Virginia,Waynesboro,22980,South,173
United States,Arizona,Phoenix,85023,West,174
United States,Minnesota,Minneapolis,55407,Central,175
United States,Pennsylvania,Chester,19013,East,176
United States,Colorado,Louisville,80027,West,177
United States,North Carolina,Concord,28027,South,178
United States,Oregon,Salem,97301,West,179
United States,Mississippi,Southaven,38671,South,180
United States,Ohio,Cincinnati,45231,East,181
United States,New York,New York City,10011,East,182
United States,Florida,Deltona,32725,South,183
United States,New Jersey,Plainfield,7060,East,184
United States,Colorado,Aurora,80013,West,185
United States,Florida,Palm Coast,32137,South,186
United States,California,El Cajon,92020,West,187
United States,New York,Buffalo,14215,East,188
United States,New Jersey,Hackensack,7601,East,189
United States,New York,Niagara Falls,14304,East,190
United States,Texas,League City,77573,Central,191
United States,South Dakota,Sioux Falls,57103,Central,192
United States,New York,New Rochelle,10801,East,193
United States,Connecticut,Bristol,6010,East,194
United States,California,Riverside,92503,West,195
United States,Nebraska,Omaha,68104,Central,196
United States,Georgia,Atlanta,30318,South,197
United States,Utah,Draper,84020,West,198
United States,Florida,Apopka,32712,South,199
United States,North Carolina,Charlotte,28205,South,200
United States,Missouri,Springfield,65807,Central,201
United States,Maine,Bangor,4401,East,202
United States,Utah,Pleasant Grove,84062,West,203
United States,Texas,Texas City,77590,Central,204
United States,Michigan,Trenton,48183,Central,205
United States,California,Vacaville,95687,West,206
United States,Georgia,Woodstock,30188,South,207
United States,Florida,Hollywood,33021,South,208
United States,Texas,Dallas,75081,Central,209
United States,Connecticut,Fairfield,6824,East,210
United States,Georgia,Columbus,31907,South,211
United States,Virginia,Hampton,23666,South,212
United States,Ohio,Lakewood,44107,East,213
United States,Missouri,Saint Charles,63301,Central,214
United States,Florida,North Miami,33161,South,215
United States,Michigan,Grand Rapids,49505,Central,216
United States,New York,Oceanside,11572,East,217
United States,Montana,Billings,59102,West,218
United States,Kentucky,Owensboro,42301,South,219
United States,Florida,Miami,33178,South,220
United States,New Mexico,Santa Fe,87505,West,221
United States,Arkansas,Fayetteville,72701,South,222
United States,Ohio,Bowling Green,43402,East,223
United States,Oklahoma,Tulsa,74133,Central,224
United States,Illinois,Oswego,60543,Central,225
United States,California,Santa Clara,95051,West,226
United States,Washington,Pasco,99301,West,227
United States,Texas,Tyler,75701,Central,228
United States,Georgia,Macon,31204,South,229
United States,Michigan,Detroit,48227,Central,230
United States,Ohio,Lancaster,43130,East,231
United States,Massachusetts,Lowell,1852,East,232
United States,North Carolina,Greenville,27834,South,233
United States,New Jersey,Clifton,7011,East,234
United States,Oregon,Gresham,97030,West,235
United States,California,Oxnard,93030,West,236
United States,North Carolina,Cary,27511,South,237
United States,Kansas,Olathe,66062,Central,238
United States,Ohio,Fairfield,45014,East,239
United States,Arizona,Tempe,85281,West,240
United States,Texas,Odessa,79762,Central,241
United States,Texas,Corpus Christi,78415,Central,242
United States,California,Chula Vista,91911,West,243
United States,California,Long Beach,90805,West,244
United States,Maryland,Columbia,21044,East,245
United States,Illinois,Bloomington,61701,Central,246
United States,Texas,Garland,75043,Central,247
United States,Florida,Boca Raton,33433,South,248
United States,Texas,Houston,77041,Central,249
United States,Texas,Mesquite,75150,Central,250
United States,North Carolina,Fayetteville,28314,South,251
United States,Florida,Boynton Beach,33437,South,252
United States,Tennessee,Clarksville,37042,South,253
United States,Nevada,Reno,89502,West,254
United States,North Carolina,Durham,27707,South,255
United States,Illinois,Evanston,60201,Central,256
United States,Indiana,Indianapolis,46203,Central,257
United States,North Carolina,Jacksonville,28540,South,258
United States,California,Manteca,95336,West,259
United States,California,Pasadena,91104,West,260
United States,Washington,Edmonds,98026,West,261
United States,New York,Mount Vernon,10550,East,262
United States,Massachusetts,Everett,2149,East,263
United States,New Hampshire,Concord,3301,East,264
United States,Ohio,Parma,44134,East,265
United States,Texas,Beaumont,77705,Central,266
United States,Arkansas,Texarkana,71854,South,267
United States,Alabama,Montgomery,36116,South,268
United States,California,Lakewood,90712,West,269
United States,Virginia,Newport News,23602,South,270
United States,California,Rancho Cucamonga,91730,West,271
United States,Florida,Fort Lauderdale,33311,South,272
United States,South Carolina,Rock Hill,29730,South,273
United States,Kansas,Garden City,67846,Central,274
United States,Indiana,Columbus,47201,Central,275
United States,Rhode Island,Cranston,2920,East,276
United States,Arizona,Avondale,85323,West,277
United States,Ohio,Lorain,44052,East,278
United States,Ohio,Mason,45040,East,279
United States,Oregon,Portland,97206,West,280
United States,New Jersey,Orange,7050,East,281
United States,Ohio,Medina,44256,East,282
United States,Texas,Irving,75061,Central,283
United States,Tennessee,Nashville,37211,South,284
United States,Wisconsin,Wausau,54401,Central,285
United States,California,Redding,96003,West,286
United States,Pennsylvania,Reading,19601,East,287
United States,Wisconsin,Madison,53711,Central,288
United States,Texas,Carrollton,75007,Central,289
United States,Texas,Pasadena,77506,Central,290
United States,Tennessee,Johnson City,37604,South,291
United States,Kansas,Manhattan,66502,Central,292
United States,Minnesota,Moorhead,56560,Central,293
United States,Texas,Cedar Hill,75104,Central,294
United States,Illinois,Des Plaines,60016,Central,295
United States,Wisconsin,Franklin,53132,Central,296
United States,Utah,Provo,84604,West,297
United States,Delaware,Wilmington,19805,East,298
United States,Louisiana,Monroe,71203,South,299
United States,Minnesota,Coon Rapids,55433,Central,300
United States,Utah,Salt Lake City,84106,West,301
United States,Illinois,Bolingbrook,60440,Central,302
United States,Missouri,Saint Louis,63116,Central,303
United States,California,Sacramento,95823,West,304
United States,California,Brentwood,94513,West,305
United States,Rhode Island,Woonsocket,2895,East,306
United States,New York,Utica,13501,East,307
United States,Oregon,Tigard,97224,West,308
United States,New York,Freeport,11520,East,309
United States,Illinois,Skokie,60076,Central,310
United States,Florida,Orlando,32839,South,311
United States,Maryland,Clinton,20735,East,312
United States,Georgia,Sandy Springs,30328,South,313
United States,Oklahoma,Oklahoma City,73120,Central,314
United States,Arizona,Gilbert,85234,West,315
United States,Washington,Olympia,98502,West,316
United States,Arizona,Mesa,85204,West,317
United States,Idaho,Caldwell,83605,West,318
United States,Ohio,Marion,43302,East,319
United States,Alabama,Florence,35630,South,320
United States,Tennessee,Columbia,38401,South,321
United States,Colorado,Thornton,80229,West,322
United States,Texas,Grand Prairie,75051,Central,323
United States,Texas,Port Arthur,77642,Central,324
United States,Colorado,Colorado Springs,80906,West,325
United States,Massachusetts,Beverly,1915,East,326
United States,California,Anaheim,92804,West,327
United States,Ohio,Kent,44240,East,328
United States,Illinois,Saint Charles,60174,Central,329
United States,Minnesota,Cottage Grove,55016,Central,330
United States,Michigan,Taylor,48180,Central,331
United States,Rhode Island,Providence,2908,East,332
United States,Texas,Baytown,77520,Central,333
United States,Minnesota,Woodbury,55125,Central,334
United States,Tennessee,Bartlett,38134,South,335
United States,Illinois,Park Ridge,60068,Central,336
United States,Montana,Bozeman,59715,West,337
United States,Florida,West Palm Beach,33407,South,338
United States,New York,Rome,13440,East,339
United States,Virginia,Suffolk,23434,South,340
United States,Wisconsin,Kenosha,53142,Central,341
United States,New Jersey,Perth Amboy,8861,East,342
United States,Arkansas,Hot Springs,71901,South,343
United States,New Mexico,Las Cruces,88001,West,344
United States,Michigan,Sterling Heights,48310,Central,345
United States,Massachusetts,Leominster,1453,East,346
United States,Pennsylvania,Altoona,16602,East,347
United States,Texas,Coppell,75019,Central,348
United States,Pennsylvania,Bethlehem,18018,East,349
United States,Indiana,New Castle,47362,Central,350
United States,Florida,Plantation,33317,South,351
United States,California,Chico,95928,West,352
United States,Utah,Lehi,84043,West,353
United States,Alabama,Auburn,36830,South,354
United States,California,Lancaster,93534,West,355
United States,California,San Bernardino,92404,West,356
United States,Alabama,Huntsville,35810,South,357
United States,California,Thousand Oaks,91360,West,358
United States,South Carolina,Florence,29501,South,359
United States,Florida,Coral Springs,33065,South,360
United States,Washington,Covington,98042,West,361
United States,Florida,Miami,33142,South,362
United States,Illinois,Normal,61761,Central,363
United States,Michigan,Lansing,48911,Central,364
United States,Washington,Spokane,99207,West,365
United States,Connecticut,Norwich,6360,East,366
United States,Nebraska,Norfolk,68701,Central,367
United States,New Mexico,Farmington,87401,West,368
United States,Texas,Mcallen,78501,Central,369
United States,California,Santa Maria,93454,West,370
United States,Indiana,New Albany,47150,Central,371
United States,Florida,Daytona Beach,32114,South,372
United States,District of Columbia,Washington,20016,East,373
United States,Ohio,Troy,45373,East,374
United States,Illinois,Tinley Park,60477,Central,375
United States,Texas,Allen,75002,Central,376
United States,Ohio,Cuyahoga Falls,44221,East,377
United States,California,Camarillo,93010,West,378
United States,North Carolina,Wilson,27893,South,379
United States,Illinois,Frankfort,60423,Central,380
United States,Texas,Haltom City,76117,Central,381
United States,Kansas,Wichita,67212,Central,382
United States,Connecticut,Manchester,6040,East,383
United States,New Jersey,Paterson,7501,East,384
United States,Idaho,Pocatello,83201,West,385
United States,Maine,Lewiston,4240,East,386
United States,Arizona,Peoria,85345,West,387
United States,Utah,Layton,84041,West,388
United States,Georgia,East Point,30344,South,389
United States,Georgia,Smyrna,30080,South,390
United States,Illinois,Carol Stream,60188,Central,391
United States,Massachusetts,Holyoke,1040,East,392
United States,New Jersey,Vineland,8360,East,393
United States,Texas,Amarillo,79109,Central,394
United States,Florida,Port Saint Lucie,34952,South,395
United States,California,Bakersfield,93309,West,396
United States,Indiana,South Bend,46614,Central,397
United States,Illinois,Highland Park,60035,Central,398
United States,Mississippi,Hattiesburg,39401,South,399
United States,Missouri,Kirkwood,63122,Central,400
United States,Idaho,Boise,83704,West,401
United States,Oregon,Redmond,97756,West,402
United States,Minnesota,Eagan,55122,Central,403
United States,California,Yucaipa,92399,West,404
United States,Massachusetts,New Bedford,2740,East,405
United States,Pennsylvania,Allentown,18103,East,406
United States,Kentucky,Florence,41042,South,407
United States,California,Murrieta,92563,West,408
United States,Texas,Bedford,76021,Central,409
United States,Michigan,Holland,49423,Central,410
United States,Virginia,Charlottesville,22901,South,411
United States,Minnesota,Rochester,55901,Central,412
United States,California,La Quinta,92253,West,413
United States,Florida,Tamarac,33319,South,414
United States,California,Redlands,92374,West,415
United States,New York,Auburn,13021,East,416
United States,South Carolina,North Charleston,29406,South,417
United States,Michigan,Lincoln Park,48146,Central,418
United States,Massachusetts,Quincy,2169,East,419
United States,Tennessee,Franklin,37064,South,420
United States,California,Oceanside,92054,West,421
United States,Oklahoma,Broken Arrow,74012,Central,422
United States,Iowa,Dubuque,52001,Central,423
United States,Illinois,Rockford,61107,Central,424
United States,Tennessee,Murfreesboro,37130,South,425
United States,New Jersey,Bayonne,7002,East,426
United States,Illinois,Quincy,62301,Central,427
United States,Massachusetts,Cambridge,2138,East,428
United States,Maryland,Rockville,20852,East,429
United States,Oregon,Hillsboro,97123,West,430
United States,Georgia,Warner Robins,31088,South,431
United States,Michigan,Ann Arbor,48104,Central,432
United States,California,Santa Barbara,93101,West,433
United States,Indiana,Noblesville,46060,Central,434
United States,Michigan,Mount Pleasant,48858,Central,435
United States,Illinois,Orland Park,60462,Central,436
United States,Nevada,Sparks,89431,West,437
United States,California,Salinas,93905,West,438
United States,Arkansas,Conway,72032,South,439
United States,North Carolina,Monroe,28110,South,440
United States,Vermont,Burlington,5408,East,441
United States,Indiana,Lawrence,46226,Central,442
United States,Minnesota,Roseville,55113,Central,443
United States,Tennessee,Lebanon,37087,South,444
United States,Montana,Helena,59601,West,445
United States,New Mexico,Rio Rancho,87124,West,446
United States,Texas,Frisco,75034,Central,447
United States,New Jersey,Morristown,7960,East,448
United States,Tennessee,Jackson,38301,South,449
United States,Florida,Pembroke Pines,33024,South,450
United States,California,Lake Elsinore,92530,West,451
United States,Illinois,Champaign,61821,Central,452
United States,California,Santa Ana,92704,West,453
United States,Michigan,Dearborn,48126,Central,454
United States,Florida,Tallahassee,32303,South,455
United States,California,Temecula,92592,West,456
United States,California,Costa Mesa,92627,West,457
United States,Illinois,Glenview,60025,Central,458
United States,New York,Lindenhurst,11757,East,459
United States,Arizona,Bullhead City,86442,West,460
United States,Wisconsin,Superior,54880,Central,461
United States,Ohio,Dublin,43017,East,462
United States,California,Visalia,93277,West,463
United States,Montana,Missoula,59801,West,464
United States,Maryland,Gaithersburg,20877,East,465
United States,Washington,Longview,98632,West,466
United States,New Jersey,Westfield,7090,East,467
United States,Mississippi,Gulfport,39503,South,468
United States,New Jersey,Atlantic City,8401,East,469
United States,Arizona,Sierra Vista,85635,West,470
United States,Tennessee,Chattanooga,37421,South,471
United States,New Jersey,Belleville,7109,East,472
United States,Wisconsin,La Crosse,54601,Central,473
United States,Texas,Round Rock,78664,Central,474
United States,Connecticut,Milford,6460,East,475
United States,Massachusetts,Andover,1810,East,476
United States,Texas,Harlingen,78550,Central,477
United States,California,Redwood City,94061,West,478
United States,Texas,Bryan,77803,Central,479
United States,Massachusetts,Malden,2148,East,480
United States,Colorado,Littleton,80122,West,481
United States,Missouri,Saint Peters,63376,Central,482
United States,Oklahoma,Norman,73071,Central,483
United States,Texas,Grapevine,76051,Central,484
United States,North Carolina,Gastonia,28052,South,485
United States,Missouri,Jefferson City,65109,Central,486
United States,California,San Clemente,92672,West,487
United States,California,Hesperia,92345,West,488
United States,California,Encinitas,92024,West,489
United States,Nevada,Henderson,89015,West,490
United States,Virginia,Salem,24153,South,491
United States,Arizona,Yuma,85364,West,492
United States,Connecticut,Waterbury,6708,East,493
United States,Rhode Island,Warwick,2886,East,494
United States,New Jersey,Passaic,7055,East,495
United States,Colorado,Parker,80134,West,496
United States,Colorado,Longmont,80501,West,497
United States,Pennsylvania,York,17403,East,498
United States,Michigan,Roseville,48066,Central,499
United States,Colorado,Broomfield,80020,West,500
United States,Kentucky,Bowling Green,42104,South,501
United States,Florida,Pensacola,32503,South,502
United States,Tennessee,Hendersonville,37075,South,503
United States,Louisiana,Kenner,70065,South,504
United States,Wisconsin,West Allis,53214,Central,505
United States,California,Davis,95616,West,506
United States,Texas,Edinburg,78539,Central,507
United States,Colorado,Fort Collins,80525,West,508
United States,Wisconsin,Sheboygan,53081,Central,509
United States,Texas,Pharr,78577,Central,510
United States,Colorado,Englewood,80112,West,511
United States,Texas,Waco,76706,Central,512
United States,Wisconsin,Waukesha,53186,Central,513
United States,Kentucky,Georgetown,40324,South,514
United States,Iowa,Cedar Rapids,52402,Central,515
United States,North Carolina,Thomasville,27360,South,516
United States,Minnesota,Saint Paul,55106,Central,517
United States,Illinois,Wheeling,60090,Central,518
United States,California,Stockton,95207,West,519
United States,Colorado,Arvada,80004,West,520
United States,Idaho,Twin Falls,83301,West,521
United States,California,Laguna Niguel,92677,West,522
United States,Massachusetts,Marlborough,1752,East,523
United States,Washington,Redmond,98052,West,524
United States,California,Woodland,95695,West,525
United States,Iowa,Iowa City,52240,Central,526
United States,Indiana,La Porte,46350,Central,527
United States,California,Lake Forest,92630,West,528
United States,Florida,Coral Gables,33134,South,529
United States,Texas,The Colony,75056,Central,530
United States,Washington,Marysville,98270,West,531
United States,Texas,La Porte,77571,Central,532
United States,New Jersey,Bridgeton,8302,East,533
United States,California,San Luis Obispo,93405,West,534
United States,Texas,Conroe,77301,Central,535
United States,Iowa,Urbandale,50322,Central,536
United States,Oregon,Eugene,97405,West,537
United States,Wyoming,Cheyenne,82001,West,538
United States,Illinois,Arlington Heights,60004,Central,539
United States,Washington,Vancouver,98661,West,540
United States,Washington,Auburn,98002,West,541
United States,North Carolina,Burlington,27217,South,542
United States,New Mexico,Carlsbad,88220,West,543
United States,Oklahoma,Edmond,73034,Central,544
United States,California,Montebello,90640,West,545
United States,Connecticut,Shelton,6484,East,546
United States,Kansas,Overland Park,66212,Central,547
United States,New Jersey,East Orange,7017,East,548
United States,North Carolina,Hickory,28601,South,549
United States,Texas,San Angelo,76903,Central,550
United States,Iowa,Marion,52302,Central,551
United States,California,Morgan Hill,95037,West,552
United States,Kentucky,Murray,42071,South,553
United States,California,Antioch,94509,West,554
United States,Texas,Richardson,75080,Central,555
United States,Nebraska,Fremont,68025,Central,556
United States,Indiana,Greenwood,46142,Central,557
United States,Florida,Homestead,33030,South,558
United States,California,Torrance,90503,West,559
United States,California,Apple Valley,92307,West,560
United States,North Carolina,Goldsboro,27534,South,561
United States,New Hampshire,Nashua,3060,East,562
United States,Texas,Deer Park,77536,Central,563
United States,Alabama,Tuscaloosa,35401,South,564
United States,Florida,Ormond Beach,32174,South,565
United States,Texas,Keller,76248,Central,566
United States,Alabama,Hoover,35244,South,567
United States,Oklahoma,Muskogee,74403,Central,568
United States,Arkansas,Rogers,72756,South,569
United States,Florida,Pompano Beach,33068,South,570
United States,California,Fairfield,94533,West,571
United States,Michigan,Oak Park,48237,Central,572
United States,New Jersey,New Brunswick,8901,East,573
United States,Colorado,Greeley,80634,West,574
United States,Florida,Kissimmee,34741,South,575
United States,Florida,Sanford,32771,South,576
United States,Illinois,Danville,61832,Central,577
United States,California,Westminster,92683,West,578
United States,Texas,Mansfield,76063,Central,579
United States,North Dakota,Fargo,58103,Central,580
United States,Maryland,Laurel,20707,East,581
United States,California,Citrus Heights,95610,West,582
United States,California,San Mateo,94403,West,583
United States,California,Pico Rivera,90660,West,584
United States,Iowa,Waterloo,50701,Central,585
United States,Minnesota,Maple Grove,55369,Central,586
United States,Indiana,Elkhart,46514,Central,587
United States,Colorado,Loveland,80538,West,588
United States,California,Inglewood,90301,West,589
United States,California,La Mesa,91941,West,590
United States,Missouri,Independence,64055,Central,591
United States,California,Modesto,95351,West,592
United States,New Mexico,Clovis,88101,West,593
United States,Nebraska,Grand Island,68801,Central,594
United States,Florida,Melbourne,32935,South,595
United States,Texas,Pearland,77581,Central,596
United States,Arkansas,Pine Bluff,71603,South,597
United States,Minnesota,Saint Cloud,56301,Central,598
United States,Florida,Miramar,33023,South,599
United States,Ohio,Mentor,44060,East,600
United States,Idaho,Meridian,83642,West,601
United States,West Virginia,Wheeling,26003,East,602
United States,Washington,Bellingham,98226,West,603
United States,California,Danville,94526,West,604
United States,Arkansas,Springdale,72762,South,605
United States,California,Sunnyvale,94086,West,606
United States,California,Coachella,92236,West,607
United States,South Dakota,Aberdeen,57401,Central,608
United States,Florida,Jupiter,33458,South,609
United States,California,Dublin,94568,West,610
United States,Ohio,Grove City,43123,East,611
United States,Ohio,Elyria,44035,East,612
United States,Maryland,Hagerstown,21740,East,613
United States,Michigan,Saginaw,48601,Central,614
United States,Texas,College Station,77840,Central,615
United States,California,Ontario,91761,West,616
United States,Washington,Renton,98059,West,617
United States,Michigan,Canton,48187,Central,618
United States,South Carolina,Summerville,29483,South,619
United States,Missouri,Gladstone,64118,Central,620
United States,California,Whittier,90604,West,621
United States,Iowa,Burlington,52601,Central,622
United States,Illinois,Palatine,60067,Central,623
United States,Texas,Abilene,79605,Central,624
United States,Illinois,Oak Park,60302,Central,625
United States,Florida,Port Orange,32127,South,626
United States,Connecticut,Danbury,6810,East,627
United States,Washington,Everett,98208,West,628
